train_cohort,test_cohort,test_cells,test_shared_cells,roc_auc,average_precision,balanced_accuracy_0_5,feature_count,excluded_prespecified_program_and_core_genes
GSE165784,GSE245561,2793,1186,0.9825541921882658,0.9786089564161526,0.8844762217574671,600,True
GSE165784,GSE294329,7104,835,0.9361976000145188,0.7851272828026439,0.8405016414769759,600,True
GSE245561,GSE165784,802,314,0.8856635689673176,0.7839145123353619,0.7166453482301347,600,True
GSE245561,GSE294329,7104,835,0.8705440610245453,0.5529248829741571,0.7499129353352634,600,True
GSE294329,GSE165784,802,314,0.8861399707632871,0.8143612796082492,0.8009358358567401,600,True
GSE294329,GSE245561,2793,1186,0.9267160640998331,0.9277761152033801,0.8666214212483119,600,True
