donor,orig.ident,fibroblast_cells,fibroblast_core_mean,fibroblast_generic_nonoverlap_mean,fibroblast_residual_mean,n_cells,other_core_mean,other_generic_nonoverlap_mean,other_residual_mean,core_fibroblast_minus_other,generic_fibroblast_minus_other,residual_fibroblast_minus_other
PVR-03232022,PVR0323,526,0.91298627098747,0.436833753050066,0.258436939434356,1080,-0.495668283485559,-0.421749865298167,-0.125868361243028,1.40865455447303,0.858583618348234,0.384305300677384
PVR-22,Retina1,320,1.1978089069972,0.890614881433741,0.0295094281807836,364,-0.0248810071437637,-0.0877345777152469,-0.0259423544446449,1.22268991414096,0.978349459148988,0.0554517826254285
PVR-24,20190503,128,1.95746266092486,1.03288565104562,0.72680417133356,1119,-0.357139770651964,-0.228282861863577,-0.0831375638344021,2.31460243157682,1.26116851290919,0.809941735167963
PVR-25,20190614,211,1.39247020860239,1.34048827425442,-0.126293651096871,609,-0.476784046483077,-0.368805411072619,0.0437569135984232,1.86925425508546,1.70929368532703,-0.170050564695294
PVR-26,20190722,16,0.211934109454394,0.456761440255679,-0.0375712150343149,356,-0.288089411317351,0.00474780247781129,0.00168859393412644,0.500023520771745,0.452013637777868,-0.0392598089684413
PVR-29,20190906,289,0.973440766759086,0.543204808179604,0.2548154792277,403,-0.479074588859447,-0.307514167986135,-0.182733681133512,1.45251535561853,0.850718976165739,0.437549160361213
PVR-30,ciliary,55,1.64040517124616,1.34434661614524,0.233813910615977,601,-0.323364989622993,-0.0877242695276373,-0.0213972796736752,1.96377016086916,1.43207088567288,0.255211190289652
PVR-31,epi,43,1.30558789898422,1.17979421155361,-0.00735049951717788,252,-0.454862642366193,-0.30298316022256,0.00125425190174064,1.76045054135042,1.48277737177617,-0.00860475141891852
