observed_core_effect,random_median,random_lower_95,random_upper_95,percentile,empirical_upper_p
1.56149509173577,0.147848776360489,-0.0269619681119456,0.332430648899146,1,0.000999000999000999
