accession,comparison,genes_present,genes_total,left_n,right_n,mean_difference,hedges_g,permutation_p,direction_supports_membrane
GSE179603,PVR_vs_gliosis,25,25,10,10,0.8736640615827043,1.337527505592465,0.0025168193897930798,True
GSE179603,PVR_vs_ILM,25,25,10,7,1.2940516362407637,1.868336723410088,0.0009254974548819991,True
GSE60436,PDR_FVM_vs_retina,25,25,6,3,1.8792268686682276,8.245155624343322,0.023529411764705882,True
GSE41019,PVR_vs_retina,25,25,3,3,1.0970706760757463,2.951133795328849,0.14285714285714285,True
